{
	"credit": "Made with Blockbench",
	"texture_size": [64, 64],
	"textures": {
		"0": "amigos:chapeus/emoji",
		"particle": "amigos:chapeus/emoji"
	},
	"elements": [
		{
			"from": [-16, -16, -16],
			"to": [32, 32, 32],
			"faces": {
				"north": {"uv": [0, 0, 16, 16], "texture": "#0"},
				"east": {"uv": [0, 0, 8.84375, 11.0625], "texture": "#0"},
				"south": {"uv": [36, 12, 48, 24], "texture": "#0"},
				"west": {"uv": [24, 12, 36, 24], "texture": "#0"},
				"up": {"uv": [15.34375, 14.65625, 7.34375, 5.75], "texture": "#0"},
				"down": {"uv": [36, 0, 24, 12], "texture": "#0"}
			}
		}
	]
}