{
	"credit": "Made with Blockbench",
	"texture_size": [32, 32],
	"textures": {
		"0": "amigos:armas/pochita",
		"particle": "amigos:armas/pochita"
	},
	"elements": [
		{
			"from": [4.5, 3.25, 3],
			"to": [11.5, 9, 12.5],
			"faces": {
				"north": {"uv": [7, 0, 10.5, 2.875], "texture": "#0"},
				"east": {"uv": [9.75, 5, 5, 7.875], "texture": "#0"},
				"south": {"uv": [0, 8, 3.5, 10.875], "texture": "#0"},
				"west": {"uv": [5, 5, 9.75, 7.875], "texture": "#0"},
				"up": {"uv": [3.5, 4.75, 0, 0], "texture": "#0"},
				"down": {"uv": [7, 0, 3.5, 4.75], "texture": "#0"}
			}
		},
		{
			"from": [7.85, 7.5, -1],
			"to": [8.1, 10.25, 5.25],
			"rotation": {"angle": 22.5, "axis": "x", "origin": [6, 9.5, 1.5]},
			"faces": {
				"north": {"uv": [5, 12.125, 5, 13.125], "texture": "#0"},
				"east": {"uv": [2, 12.125, 5, 13.125], "texture": "#0"},
				"south": {"uv": [8, 12.125, 8, 13.125], "texture": "#0"},
				"west": {"uv": [5, 12.125, 8, 13.125], "texture": "#0"},
				"up": {"uv": [6.5, 12.125, 3.5, 12.25], "rotation": 90, "texture": "#0"},
				"down": {"uv": [3.625, 12.125, 6.625, 12.25], "rotation": 90, "texture": "#0"}
			}
		},
		{
			"from": [3.75, 2, 10.5],
			"to": [4.75, 4.25, 11.5],
			"faces": {
				"north": {"uv": [1, 0.5, 1.5, 1.5], "texture": "#0"},
				"east": {"uv": [0.5, 0.5, 1, 1.5], "texture": "#0"},
				"south": {"uv": [2, 0.5, 2.5, 1.5], "texture": "#0"},
				"west": {"uv": [1.5, 0.5, 2, 1.5], "texture": "#0"},
				"up": {"uv": [1.5, 0.5, 1, 0], "texture": "#0"},
				"down": {"uv": [2, 0, 1.5, 0.5], "texture": "#0"}
			}
		},
		{
			"from": [11, 2, 10.5],
			"to": [12, 4.25, 11.5],
			"faces": {
				"north": {"uv": [2, 0.75, 2.5, 1.75], "texture": "#0"},
				"east": {"uv": [0.5, 0.75, 1, 1.75], "texture": "#0"},
				"south": {"uv": [1.5, 0.5, 2, 1.5], "texture": "#0"},
				"west": {"uv": [1, 0.5, 1.5, 1.5], "texture": "#0"},
				"up": {"uv": [1, 0.5, 0.5, 0], "texture": "#0"},
				"down": {"uv": [1.625, 0.875, 1.125, 1.375], "texture": "#0"}
			}
		},
		{
			"from": [11.25, 1.75, 5],
			"to": [12.25, 4, 6],
			"faces": {
				"north": {"uv": [2, 0.75, 2.5, 1.75], "texture": "#0"},
				"east": {"uv": [0.5, 0.75, 1, 1.75], "texture": "#0"},
				"south": {"uv": [1.5, 0.5, 2, 1.5], "texture": "#0"},
				"west": {"uv": [1, 0.5, 1.5, 1.5], "texture": "#0"},
				"up": {"uv": [1, 0.5, 0.5, 0], "texture": "#0"},
				"down": {"uv": [1.625, 0.875, 1.125, 1.375], "texture": "#0"}
			}
		},
		{
			"from": [3.75, 2, 5],
			"to": [4.75, 4.25, 6],
			"faces": {
				"north": {"uv": [2, 0.75, 2.5, 1.75], "texture": "#0"},
				"east": {"uv": [0.5, 0.75, 1, 1.75], "texture": "#0"},
				"south": {"uv": [1.5, 0.5, 2, 1.5], "texture": "#0"},
				"west": {"uv": [1, 0.5, 1.5, 1.5], "texture": "#0"},
				"up": {"uv": [1, 0.5, 0.5, 0], "texture": "#0"},
				"down": {"uv": [1.625, 0.875, 1.125, 1.375], "texture": "#0"}
			}
		},
		{
			"from": [5.75, 8, 5.25],
			"to": [6.25, 11, 6.25],
			"faces": {
				"north": {"uv": [7.5, 9.5, 7.5, 11], "texture": "#0"},
				"east": {"uv": [7, 9.5, 7.5, 11], "texture": "#0"},
				"south": {"uv": [8, 9.5, 8, 11], "texture": "#0"},
				"west": {"uv": [7.5, 9.5, 8, 11], "texture": "#0"},
				"up": {"uv": [7.5, 9.5, 7.5, 9], "texture": "#0"},
				"down": {"uv": [7.5, 9, 7.5, 9.5], "texture": "#0"}
			}
		},
		{
			"from": [9.75, 8, 5.25],
			"to": [10.25, 11, 6.25],
			"faces": {
				"north": {"uv": [6.5, 9.5, 6.5, 11], "texture": "#0"},
				"east": {"uv": [6, 9.5, 6.5, 11], "texture": "#0"},
				"south": {"uv": [7, 9.5, 7, 11], "texture": "#0"},
				"west": {"uv": [6.5, 9.5, 7, 11], "texture": "#0"},
				"up": {"uv": [6.5, 9.5, 6.5, 9], "texture": "#0"},
				"down": {"uv": [6.5, 9, 6.5, 9.5], "texture": "#0"}
			}
		},
		{
			"from": [6, 11, 5.25],
			"to": [10, 11.5, 6.25],
			"rotation": {"angle": 0, "axis": "y", "origin": [10, 12.5, 7.5]},
			"faces": {
				"north": {"uv": [6.75, 9.5, 4.75, 9.5], "texture": "#0"},
				"east": {"uv": [7.25, 9.5, 6.75, 9.5], "texture": "#0"},
				"south": {"uv": [8.5, 9.5, 7.25, 9.5], "texture": "#0"},
				"west": {"uv": [4.75, 9.5, 4.875, 9.5], "texture": "#0"},
				"up": {"uv": [4.75, 9.5, 6.75, 9], "texture": "#0"},
				"down": {"uv": [6.75, 9, 8.75, 9.5], "texture": "#0"}
			}
		}
	],
	"display": {
		"thirdperson_righthand": {
			"rotation": [75.75, 0, 0],
			"translation": [0, -3.5, -2.5],
			"scale": [0.83, 1, 1]
		},
		"thirdperson_lefthand": {
			"rotation": [98, 0, 0],
			"translation": [0, -1.75, -2.5]
		},
		"ground": {
			"translation": [0, 3, 0]
		},
		"gui": {
			"rotation": [0, 129, 0]
		},
		"head": {
			"translation": [0, 5.25, 0],
			"scale": [2.53125, 2.53125, 2.53125]
		}
	},
	"groups": [
		0,
		1,
		{
			"name": "patas",
			"origin": [0, 0, 0],
			"color": 0,
			"children": [2, 3, 4, 5]
		},
		{
			"name": "handle",
			"origin": [10, 12.5, 7.5],
			"color": 0,
			"children": [6, 7, 8]
		}
	]
}