{
	"credit": "Made with Blockbench",
	"texture_size": [64, 64],
	"textures": {
		"0": "amigos:armas/timeless",
		"particle": "amigos:armas/timeless"
	},
	"elements": [
		{
			"from": [7.5, 0, 25],
			"to": [8.5, 1, 32],
			"faces": {
				"north": {"uv": [1.75, 8.5, 2, 8.75], "texture": "#0"},
				"east": {"uv": [0, 8.5, 1.75, 8.75], "texture": "#0"},
				"south": {"uv": [3.75, 8.5, 4, 8.75], "texture": "#0"},
				"west": {"uv": [2, 8.5, 3.75, 8.75], "texture": "#0"},
				"up": {"uv": [2, 8.5, 1.75, 6.75], "texture": "#0"},
				"down": {"uv": [2.25, 6.75, 2, 8.5], "texture": "#0"}
			}
		},
		{
			"from": [-16, 0.5, -6],
			"to": [32, 0.8, 25.5],
			"faces": {
				"north": {"uv": [3.61075, 10.25, 11.75, 15.40888], "texture": "#0"},
				"east": {"uv": [2.13832, 14.6243, 12.22383, 8.43364], "texture": "#0"},
				"south": {"uv": [22, 10.25, 23.5, 10.25], "texture": "#0"},
				"west": {"uv": [5.78364, 10.25, 22, 4.88178], "texture": "#0"},
				"up": {"uv": [0, 16, 16, 0], "rotation": 180, "texture": "#0"},
				"down": {"uv": [14.59206, 7.62617, 11.17804, 14.69112], "rotation": 180, "texture": "#0"}
			}
		}
	],
	"display": {
		"thirdperson_righthand": {
			"rotation": [157, 0, 93],
			"translation": [-29.75, 36.5, 80],
			"scale": [4, 4, 4]
		},
		"thirdperson_lefthand": {
			"rotation": [149, -5, -87],
			"translation": [36.5, 43.25, 79],
			"scale": [4, 4, 4]
		},
		"firstperson_righthand": {
			"rotation": [63, 0, 93.25],
			"translation": [-5.5, 16, -16.5]
		},
		"firstperson_lefthand": {
			"translation": [0, 13.75, 0]
		},
		"ground": {
			"translation": [0, 14.5, 0]
		},
		"gui": {
			"rotation": [63.75, 0, 0],
			"translation": [0, 1.25, 0],
			"scale": [0.27, 0.27, 0.27]
		},
		"head": {
			"rotation": [89, 180, -177.75],
			"translation": [4.75, -21, 0]
		},
		"fixed": {
			"rotation": [97, 0, 0]
		}
	}
}