{
	"credit": "Made with Blockbench",
	"texture_size": [64, 64],
	"textures": {
		"0": "amigos:armas/zeus",
		"particle": "amigos:armas/zeus"
	},
	"elements": [
		{
			"from": [6, 9.5, 6.25],
			"to": [10.25, 12, 10.5],
			"faces": {
				"north": {"uv": [0, 15.26563, 3.57813, 16], "texture": "#0"},
				"east": {"uv": [0, 12.98438, 3.48438, 14.14063], "texture": "#0"},
				"south": {"uv": [0.20313, 14.26563, 3.46875, 15.1875], "texture": "#0"},
				"west": {"uv": [0, 13.23438, 3.48438, 14.39063], "texture": "#0"},
				"up": {"uv": [0.25, 15.0625, 3.375, 13.8125], "texture": "#0"},
				"down": {"uv": [2.75, 14, 0.6875, 15.125], "texture": "#0"}
			}
		},
		{
			"from": [6, 10, 3.5],
			"to": [10.25, 10.5, 6.5],
			"faces": {
				"north": {"uv": [2, 14.8125, 1.5, 13.625], "texture": "#0"},
				"east": {"uv": [1.25, 14.4375, 2.125, 15.1875], "texture": "#0"},
				"south": {"uv": [2.25, 14.8125, 1.3125, 13.5], "texture": "#0"},
				"west": {"uv": [1.5, 14.8125, 2.25, 14.8125], "texture": "#0"},
				"up": {"uv": [2.25, 14.375, 1.25, 13.625], "texture": "#0"},
				"down": {"uv": [2.125, 13.3125, 1.125, 14.0625], "texture": "#0"}
			}
		},
		{
			"from": [7.7, 11.9, 7.75],
			"to": [8.7, 12.5, 8.75],
			"faces": {
				"north": {"uv": [0, 15.26563, 3.57813, 16], "texture": "#0"},
				"east": {"uv": [0, 12.98438, 3.48438, 14.14063], "texture": "#0"},
				"south": {"uv": [0.20313, 14.26563, 3.46875, 15.1875], "texture": "#0"},
				"west": {"uv": [0, 13.23438, 3.48438, 14.39063], "texture": "#0"},
				"up": {"uv": [0.25, 15.0625, 3.375, 13.8125], "texture": "#0"},
				"down": {"uv": [2.75, 14, 0.6875, 15.125], "texture": "#0"}
			}
		},
		{
			"from": [4, 9, 5.5],
			"to": [12.25, 10, 10.5],
			"faces": {
				"north": {"uv": [6.5, 3.75, 8.5625, 4], "texture": "#0"},
				"east": {"uv": [9, 1.75, 10.25, 2], "texture": "#0"},
				"south": {"uv": [8.75, 3.75, 10.8125, 4], "texture": "#0"},
				"west": {"uv": [9, 2, 10.25, 2.25], "texture": "#0"},
				"up": {"uv": [2.0625, 8, 0, 6.75], "texture": "#0"},
				"down": {"uv": [8.8125, 5.25, 6.75, 6.5], "texture": "#0"}
			}
		},
		{
			"from": [4.25, 0, 4.75],
			"to": [12, 2, 13],
			"faces": {
				"north": {"uv": [8.5, 8.5, 10.4375, 9], "texture": "#0"},
				"east": {"uv": [4, 8.5, 6.0625, 9], "texture": "#0"},
				"south": {"uv": [0, 8.75, 1.9375, 9.25], "texture": "#0"},
				"west": {"uv": [6.25, 8.5, 8.3125, 9], "texture": "#0"},
				"up": {"uv": [4.6875, 7.8125, 2.75, 5.75], "texture": "#0"},
				"down": {"uv": [6.6875, 5.75, 4.75, 7.8125], "texture": "#0"}
			}
		},
		{
			"from": [2.5, 2, 3],
			"to": [14.75, 7, 13],
			"faces": {
				"north": {"uv": [9.4375, 11.8125, 16, 15], "texture": "#0"},
				"east": {"uv": [6.5, 1.25, 9, 2.5], "texture": "#0"},
				"south": {"uv": [6.5, 0, 9.5625, 1.25], "texture": "#0"},
				"west": {"uv": [6.5, 2.5, 9, 3.75], "texture": "#0"},
				"up": {"uv": [3.0625, 2.5, 0, 0], "texture": "#0"},
				"down": {"uv": [3.0625, 2.5, 0, 5], "texture": "#0"}
			}
		},
		{
			"from": [0.5, 3, 4],
			"to": [12.75, 6, 12],
			"faces": {
				"north": {"uv": [6.75, 6.5, 9.8125, 7.25], "texture": "#0"},
				"east": {"uv": [0, 8, 2, 8.75], "texture": "#0"},
				"south": {"uv": [6.75, 7.25, 9.8125, 8], "texture": "#0"},
				"west": {"uv": [2, 8, 4, 8.75], "texture": "#0"},
				"up": {"uv": [6.3125, 2, 3.25, 0], "texture": "#0"},
				"down": {"uv": [6.3125, 2, 3.25, 4], "texture": "#0"}
			}
		},
		{
			"from": [3, 7, 4.75],
			"to": [13.5, 9, 11.25],
			"faces": {
				"north": {"uv": [4, 8, 6.625, 8.5], "texture": "#0"},
				"east": {"uv": [2, 8.75, 3.625, 9.25], "texture": "#0"},
				"south": {"uv": [6.75, 8, 9.375, 8.5], "texture": "#0"},
				"west": {"uv": [9, 1.25, 10.625, 1.75], "texture": "#0"},
				"up": {"uv": [5.875, 5.625, 3.25, 4], "texture": "#0"},
				"down": {"uv": [2.625, 5, 0, 6.625], "texture": "#0"}
			}
		}
	],
	"display": {
		"thirdperson_righthand": {
			"rotation": [83.5, 0, 0],
			"translation": [0, 0, 3.25],
			"scale": [0.64, 0.64, 0.64]
		},
		"thirdperson_lefthand": {
			"rotation": [85.75, 0, 0],
			"translation": [0, -1.5, 0],
			"scale": [0.86, 0.86, 0.86]
		},
		"firstperson_righthand": {
			"rotation": [-16.25, 0, 0]
		},
		"firstperson_lefthand": {
			"rotation": [8.25, 0, 0]
		},
		"ground": {
			"translation": [0, 5.25, 0]
		},
		"gui": {
			"rotation": [-180, 27.75, -180],
			"translation": [0.5, 2.25, 0],
			"scale": [0.81, 0.81, 0.81]
		}
	},
	"groups": [
		{
			"name": "chapeu",
			"origin": [0, 0, 0],
			"color": 0,
			"children": [0, 1, 2]
		},
		{
			"name": "nuvem",
			"origin": [0, 0, 0],
			"color": 0,
			"children": [3, 4, 5, 6, 7]
		}
	]
}